Timestamp,Ticker,Years,Fee Rate,Total Trades,Winrate (%),Profit Factor,Max Drawdown (€),Avg R-Multiple,OOS Winrate (%),OOS Profit Factor
2026-08-30 23:14:54,NVDA,5,0.0025,92,40.22,1.23,2424.27,0.01,40.91,0.67
2026-08-30 23:15:42,AAPL,5,0.0025,107,29.91,0.43,5248.62,-0.3,28.95,0.55
2026-08-30 23:16:27,KO,5,0.0025,150,31.33,0.34,7200.59,-0.28,28.79,0.32
2026-08-30 23:27:19,NVDA,5,70,0.0025,42,42.86,5.74,1141.54,0.4,40.91,1.02
2026-08-30 23:33:24,NVDA,5,75,0.0025,12,33.33,0.58,1125.16,-0.18,14.29,0.15
2026-08-30 23:34:18,AAPL,5,75,0.0025,12,25.0,0.26,1049.45,-0.29,25.0,0.12
2026-08-30 23:34:44,KO,5,75,0.0025,15,33.33,0.58,759.22,-0.22,42.86,0.96
2026-08-31 00:06:30,NVDA,5,75,0.0025,50,46.0,3.66,1049.78,0.24,47.83,1.08
2026-08-31 00:08:40,NVDA,5,75,0.0025,50,46.0,3.66,1049.78,0.24,47.83,1.08
2026-08-31 00:09:21,NVDA,5,75,0.0025,50,46.0,3.66,1049.79,0.24,47.83,1.08
2026-08-31 00:12:49,NVDA,5,70,0.0025,58,46.55,3.43,1049.78,0.22,47.83,1.08
2026-08-31 00:13:25,AAPL,5,70,0.0025,50,36.0,0.67,1163.89,-0.16,26.67,0.79
2026-08-31 00:13:54,KO,5,70,0.0025,36,33.33,0.24,3782.15,-0.3,31.58,0.32
2026-08-31 00:14:19,BTC-USD,4,70,0.0025,56,28.57,0.72,2146.47,-0.2,15.38,0.04
2026-08-31 00:40:34,NVDA,6,70,walk_forward,fusion,0.001,0.0005,95,52.63,98.13,656.09,1.08,53.85,84.78
2026-08-31 00:42:05,NVDA,5,70,holdout,fusion,0.001,0.0005,45,55.56,75.52,656.09,0.98,52.38,1.76
2026-08-31 00:43:10,AAPL,5,70,holdout,fusion,0.001,0.0005,33,51.52,1.28,543.39,0.2,33.33,1.49
2026-08-31 00:45:16,AAPL,6,70,walk_forward,fusion,0.001,0.0005,76,56.58,1.14,543.39,0.15,51.72,1.34
2026-08-31 01:02:15,NVDA,6,70,walk_forward,fusion,0.001,0.0005,10000.0,1.0,95,52.63,2.19,710.63,0.95,53.85,2.41
2026-08-31 01:02:19,PLTR,5,70,walk_forward,fusion,0.001,0.0005,10000.0,1.0,42,52.38,2.14,332.95,0.59,55.56,1.55
2026-08-31 01:02:38,MSFT,6,70,walk_forward,fusion,0.001,0.0005,10000.0,1.0,102,35.29,0.89,1559.19,-0.07,26.67,0.39
2026-08-31 01:05:06,CAT,6,70,walk_forward,fusion,0.001,0.0005,10000.0,1.0,98,24.49,0.6,3373.93,-0.26,36.0,1.42
2026-08-31 01:05:38,PG,6,70,walk_forward,fusion,0.001,0.0005,10000.0,1.0,58,37.93,0.47,1719.29,-0.26,63.64,0.82
2026-08-31 02:23:25,NVDA,5,70,holdout,fusion,0.001,0.0005,10000.0,1.0,45,55.56,2.38,710.72,0.88,52.38,1.71
2026-08-31 02:23:59,AMD,5,70,holdout,fusion,0.001,0.0005,10000.0,1.0,30,40.0,1.39,550.18,0.29,50.0,2.15
2026-08-31 02:24:49,PLTR,5,70,holdout,fusion,0.001,0.0005,10000.0,1.0,27,51.85,1.91,330.0,0.48,55.56,1.55
2026-08-31 02:26:03,CRWD,5,70,holdout,fusion,0.001,0.0005,10000.0,1.0,29,48.28,1.53,666.94,0.26,44.44,1.34
2026-08-31 02:26:31,BTC-USD,5,70,holdout,fusion,0.001,0.0005,10000.0,1.0,56,33.93,1.35,1426.48,0.26,29.41,0.29
2026-08-31 02:26:38,SOL-USD,5,70,holdout,fusion,0.001,0.0005,10000.0,1.0,37,24.32,1.14,1252.34,0.11,50.0,4.29
2026-08-31 02:27:42,NVDA,6,70,walk_forward,fusion,0.001,0.0005,10000.0,1.0,95,52.63,2.19,710.63,0.95,53.85,2.41
2026-08-31 02:27:50,PLTR,6,70,walk_forward,fusion,0.001,0.0005,10000.0,1.0,70,50.0,1.94,332.94,0.49,55.0,2.03
2026-08-31 02:34:06,BTC-USD,6,70,walk_forward,fusion,0.001,0.0005,10000.0,1.0,204,34.8,1.49,1638.6,0.32,33.93,1.36
2026-08-31 15:48:58,NVDA,6,70,walk_forward,fusion,0.001,0.0005,10000.0,1.0,95,52.63,2.19,710.63,0.95,53.85,2.41
2026-08-31 15:51:27,PLTR,6,70,walk_forward,fusion,0.001,0.0005,10000.0,1.0,70,50.0,1.94,332.94,0.49,55.0,2.03
2026-08-31 15:51:40,CRWD,5,70,holdout,fusion,0.001,0.0005,10000.0,1.0,29,48.28,1.53,666.94,0.26,44.44,1.34
2026-08-31 16:19:54,NVDA,6,70,walk_forward,active,fusion,0.001,0.0005,10000.0,1.0,95,52.63,2.19,710.63,0.95,53.85,2.41
2026-08-31 16:20:04,NVDA,6,70,walk_forward,inactive,fusion,0.001,0.0005,10000.0,1.0,95,52.63,2.1,800.34,0.93,53.85,2.3
2026-08-31 16:20:19,PLTR,6,70,walk_forward,active,fusion,0.001,0.0005,10000.0,1.0,70,50.0,1.94,332.94,0.49,55.0,2.03
2026-08-31 16:20:28,PLTR,6,70,walk_forward,inactive,fusion,0.001,0.0005,10000.0,1.0,70,54.29,2.04,335.94,0.53,60.0,2.16
2026-08-31 21:22:58,MU,5,70,walk_forward,active,custom,0.0025,0.001,250.0,1.0,36,33.33,0.75,29.68,-0.14,50.0,2.22
2026-09-01 23:06:01,NVDA,5,70,walk_forward,inactive,fusion,0.001,0.0005,10000.0,1.0,69,55.07,2.44,800.34,1.04,53.33,2.19
2026-09-01 23:06:23,NVDA,5,70,walk_forward,active,fusion,0.001,0.0005,10000.0,1.0,91,58.24,1.91,572.54,0.48,56.76,1.82
2026-09-01 23:06:33,BTC-USD,5,70,walk_forward,inactive,fusion,0.001,0.0005,10000.0,1.0,192,35.94,1.5,1230.11,0.35,35.71,1.42
2026-09-01 23:06:40,BTC-USD,5,70,walk_forward,active,fusion,0.001,0.0005,10000.0,1.0,235,45.11,1.17,1454.12,0.17,43.14,1.01
2026-09-01 23:06:57,AAPL,5,70,walk_forward,inactive,fusion,0.001,0.0005,10000.0,1.0,215,48.84,1.55,1645.25,0.27,46.88,1.39
2026-09-01 23:07:18,AAPL,5,70,walk_forward,active,fusion,0.001,0.0005,10000.0,1.0,281,56.94,1.43,1058.22,0.24,58.14,1.32
2026-09-01 23:49:59,NVDA,5,70,walk_forward,active,fusion,0.001,0.0005,10000.0,1.0,64,31.25,4.24,1355.29,5.9,22.73,2.21
2026-09-01 23:50:10,BTC-USD,5,70,walk_forward,active,fusion,0.001,0.0005,10000.0,1.0,189,27.51,2.2,1928.18,0.91,29.27,1.9
2026-09-01 23:50:29,AAPL,5,70,walk_forward,active,fusion,0.001,0.0005,10000.0,1.0,188,33.51,1.81,3101.05,0.56,22.22,0.63
02/09/2026 22:57:15,PLTR,5,70,walk_forward,active,prop_guard,fusion,0.001,0.0005,10000.0,1.0,64,62.5,2.7,337.71,0.56,64.29,1.22
02/09/2026 22:58:25,PLTR,5,70,walk_forward,active,private_alpha,fusion,0.001,0.0005,10000.0,1.0,49,51.02,3.62,351.28,0.87,58.33,3.39
02/09/2026 23:02:58,NVDA,5,70,walk_forward,active,prop_guard,fusion,0.001,0.0005,10000.0,1.0,101,50.5,2.52,561.41,1.39,47.73,2.07
02/09/2026 23:03:07,NVDA,5,70,walk_forward,active,private_alpha,fusion,0.001,0.0005,10000.0,1.0,64,31.25,4.24,1355.29,5.9,22.73,2.21
02/09/2026 23:06:23,BTC-USD,5,70,walk_forward,active,prop_guard,standard_crypto,0.0025,0.001,10000.0,1.0,262,44.27,0.88,2589.15,0.01,42.86,0.79
02/09/2026 23:06:39,BTC-USD,5,70,walk_forward,active,private_alpha,standard_crypto,0.0025,0.001,10000.0,1.0,193,24.87,1.76,1826.7,0.58,26.19,1.57
02/09/2026 23:08:11,AAPL,5,70,walk_forward,active,prop_guard,fusion,0.001,0.0005,10000.0,1.0,823,50.55,1.11,1590.12,0.16,52.26,1.18
02/09/2026 23:09:31,AAPL,5,70,walk_forward,active,prop_guard,fusion,0.001,0.0005,10000.0,1.0,823,50.55,1.11,1590.12,0.16,52.26,1.18
02/09/2026 23:10:15,AAPL,5,70,walk_forward,active,private_alpha,fusion,0.001,0.0005,10000.0,1.0,554,29.96,1.85,3991.74,0.64,32.82,1.78
09/09/2026 00:46:18,EURUSD=X,1,1h,70,holdout,active,prop_guard,custom,0.0025,0.001,10000.0,2500.0,1.0,112,0.0,0.0,22194.09,-0.83,0.0,0.0
09/09/2026 01:03:30,NQ=F,2,1h,70,walk_forward,active,prop_guard,custom,0.0025,0.001,10000.0,1250.0,1.0,1485,41.75,1.78,3813.96,0.38,42.09,1.79
09/09/2026 01:04:27,EURUSD=X,1,1h,70,holdout,active,prop_guard,custom,0.0025,0.001,10000.0,2500.0,1.0,102,45.1,1.66,3182.6,0.33,48.48,3.09
14/09/2026 21:16:43,ES=F,2,1h,60,holdout,active,apex_lock,apex,5e-05,0.0001,10000.0,0.0,1.0,143,44.76,0.82,1332.96,-0.1,33.33,0.55,atr_ratio,0.8
14/09/2026 21:16:59,ES=F,2,1h,60,holdout,active,apex_lock,apex,5e-05,0.0001,10000.0,0.0,1.0,143,44.76,0.82,1332.96,-0.1,33.33,0.55,atr_ratio,1.0
14/09/2026 21:17:15,ES=F,2,1h,60,holdout,active,apex_lock,apex,5e-05,0.0001,10000.0,0.0,1.0,143,44.76,0.82,1332.96,-0.1,33.33,0.55,atr_ratio,1.2
14/09/2026 21:17:28,ES=F,2,1h,60,holdout,active,apex_lock,apex,5e-05,0.0001,10000.0,0.0,1.0,143,44.76,0.82,1332.96,-0.1,33.33,0.55,atr_ratio,1.4
14/09/2026 22:15:37,GC=F,5,1h,60,walk_forward,active,apex_lock,custom,0.0025,0.001,10000.0,0.0,1.0,124,49.19,1.04,1090.93,0.01,59.09,1.59,atr_ratio,1.0
14/09/2026 22:19:43,CL=F,5,1h,60,walk_forward,active,apex_lock,custom,0.0025,0.001,10000.0,0.0,1.0,2076,48.27,1.16,2744.88,0.07,48.44,1.17,atr_ratio,1.0
14/09/2026 22:30:52,GC=F,5,1h,60,walk_forward,active,apex_lock,custom,0.0025,0.001,10000.0,0.0,1.0,132,51.52,1.13,1088.03,0.05,62.96,1.82,atr_ratio,1.0
14/09/2026 22:31:32,CL=F,5,1h,60,walk_forward,active,apex_lock,custom,0.0025,0.001,10000.0,0.0,1.0,2106,48.43,1.17,3051.76,0.07,48.46,1.18,atr_ratio,1.0
14/09/2026 22:44:35,NQ=F,5,1h,60,walk_forward,active,apex_lock,custom,0.0025,0.001,10000.0,0.0,1.0,39,51.28,1.96,391.35,0.53,50.0,1.86,atr_ratio,1.0
14/09/2026 22:44:53,GC=F,5,1h,60,walk_forward,active,apex_lock,custom,0.0025,0.001,10000.0,0.0,1.0,124,49.19,1.04,1090.93,0.01,59.09,1.59,atr_ratio,1.0
14/09/2026 22:44:55,CL=F,5,1h,60,walk_forward,active,apex_lock,custom,0.0025,0.001,10000.0,0.0,1.0,2076,48.27,1.16,2744.88,0.07,48.44,1.17,atr_ratio,1.0
16/09/2026 00:42:51,CL=F,2,1h,60,walk_forward,active,apex_commodity_scale,custom,0.0025,0.001,10000.0,1250.0,1.0,1892,58.67,1.22,1542.24,0.22,58.24,1.19,atr_ratio,1.0
16/09/2026 00:43:38,GC=F,2,1h,60,walk_forward,active,apex_lock,custom,0.0025,0.001,10000.0,1250.0,1.0,229,48.91,0.91,2451.14,-0.01,51.02,0.93,atr_ratio,1.0
16/09/2026 00:43:41,RTY=F,2,1h,60,walk_forward,active,apex_commodity_scale,custom,0.0025,0.001,10000.0,1250.0,1.0,2131,56.55,1.18,8454.6,0.21,56.07,1.18,atr_ratio,1.0
16/09/2026 01:33:47,CL=F,2,1h,60,walk_forward,active,apex_commodity_scale,custom,0.0025,0.001,10000.0,1250.0,1.0,1597,57.23,1.16,1954.24,0.2,56.63,1.12,atr_ratio,1.0
16/09/2026 01:37:12,CL=F,2,1h,55,walk_forward,active,apex_commodity_scale,custom,0.0025,0.001,10000.0,1250.0,1.0,1615,58.2,1.21,2135.4,0.22,57.58,1.16,atr_ratio,1.0
16/09/2026 01:37:36,CL=F,2,1h,65,walk_forward,active,apex_commodity_scale,custom,0.0025,0.001,10000.0,1250.0,1.0,1399,58.11,1.2,3341.5,0.22,57.89,1.19,atr_ratio,1.0
16/09/2026 01:37:46,CL=F,2,1h,70,walk_forward,active,apex_commodity_scale,custom,0.0025,0.001,10000.0,1250.0,1.0,1387,58.9,1.22,3352.28,0.23,58.7,1.22,atr_ratio,1.0
16/09/2026 01:45:36,CL=F,2,1h,75,walk_forward,active,apex_commodity_scale,custom,0.0025,0.001,10000.0,1250.0,1.0,1129,58.72,1.17,2674.23,0.21,58.55,1.16,atr_ratio,1.0
16/09/2026 02:00:31,CL=F,2,1h,55,walk_forward,active,apex_commodity_scale,custom,0.0025,0.001,10000.0,1250.0,1.0,1900,55.47,1.0,11715.91,0.15,54.84,0.97,atr_ratio,1.0
16/09/2026 02:00:59,CL=F,2,1h,65,walk_forward,active,apex_commodity_scale,custom,0.0025,0.001,10000.0,1250.0,1.0,1649,56.52,1.02,10570.41,0.15,55.97,0.99,atr_ratio,1.0
16/09/2026 02:01:04,CL=F,2,1h,60,walk_forward,active,apex_commodity_scale,custom,0.0025,0.001,10000.0,1250.0,1.0,1879,55.46,1.01,11371.09,0.15,54.88,0.98,atr_ratio,1.0
16/09/2026 23:33:55,EURUSD=X,5,1h,60,walk_forward,active,ftmo_swing,ftmo,3e-05,2e-05,10000.0,0.0,1.0,1840,53.26,1.6,4172.72,0.35,53.42,1.62,atr_ratio,1.0
16/09/2026 23:34:22,EURUSD=X,5,1h,60,walk_forward,active,prop_guard,ftmo,3e-05,2e-05,10000.0,0.0,1.0,1859,48.41,1.23,4730.03,0.18,48.58,1.23,atr_ratio,1.0
16/09/2026 23:35:01,GBPUSD=X,5,1h,60,walk_forward,active,ftmo_swing,ftmo,3e-05,2e-05,10000.0,0.0,1.0,1740,50.4,1.26,13681.31,0.23,49.88,1.22,atr_ratio,1.0
16/09/2026 23:35:28,GBPUSD=X,5,1h,65,walk_forward,active,ftmo_swing,ftmo,3e-05,2e-05,10000.0,0.0,1.0,1829,47.68,1.14,13404.7,0.18,47.51,1.11,atr_ratio,1.0
16/09/2026 23:36:05,USDJPY=X,5,1h,60,walk_forward,active,ftmo_swing,ftmo,3e-05,2e-05,10000.0,0.0,1.0,3014,45.49,0.53,1414800.54,36.72,45.15,0.92,atr_ratio,1.0
16/09/2026 23:36:37,USDJPY=X,5,1h,60,walk_forward,active,prop_guard,ftmo,3e-05,2e-05,10000.0,0.0,1.0,2970,37.47,0.43,945866.04,9.61,37.42,0.83,atr_ratio,1.0
19/09/2026 00:39:45,"PORTFOLIO:[USDJPY=X,GBPUSD=X]",2,4h,60,walk_forward,active,ftmo_swing,ftmo,3e-05,2e-05,10000.0,2500.0,1.0,1202,47.5,2.21,5765.94,0.67,48.21,2.3,atr_ratio,1.0
19/09/2026 00:44:20,"PORTFOLIO:[USDJPY=X,GBPUSD=X]",2,4h,60,walk_forward,active,ftmo_swing,ftmo,3e-05,2e-05,10000.0,1250.0,1.0,1213,48.89,2.25,2904.64,0.69,49.65,2.34,atr_ratio,1.0
19/09/2026 00:44:39,"PORTFOLIO:[NVDA,CL=F,GC=F]",5,1d,70,walk_forward,active,private_alpha,aktien,0.0025,0.001,10000.0,0.0,1.0,143,51.75,1.04,628.15,0.12,66.67,1.46,atr_ratio,1.0
19/09/2026 00:44:52,"PORTFOLIO:[BTC-USD,SOL-USD]",5,1d,65,walk_forward,active,private_alpha,crypto,0.0025,0.001,10000.0,0.0,1.0,452,20.35,1.27,2871.0,0.21,21.15,1.25,atr_ratio,1.0
27/09/2026 15:13:28,NQ=F,2,1h,60,walk_forward,active,apex_lock,apex,5e-05,0.0001,10000.0,1250.0,1.0,99,40.4,1.04,1305.55,0.04,40.91,1.11,atr_ratio,1.0
27/09/2026 15:13:54,EURUSD=X,2,1h,60,walk_forward,active,ftmo_swing,ftmo,3e-05,2e-05,10000.0,1250.0,1.0,1183,50.97,1.55,4215.32,0.33,52.3,1.65,atr_ratio,1.0
27/09/2026 15:15:53,EURUSD=X,2,1h,60,walk_forward,active,ftmo_swing,ftmo,3e-05,2e-05,10000.0,625.0,1.0,1183,50.97,1.55,2102.9,0.33,52.3,1.65,atr_ratio,1.0
27/09/2026 15:21:25,NQ=F,2,1h,60,walk_forward,active,apex_lock,apex,5e-05,0.0001,10000.0,1250.0,1.0,32,37.5,0.91,1787.05,0.06,33.33,0.87,atr_ratio,1.0
27/09/2026 15:21:41,NQ=F,2,1h,65,walk_forward,active,apex_lock,apex,5e-05,0.0001,10000.0,1250.0,1.0,97,40.21,1.02,1305.55,0.03,40.91,1.11,atr_ratio,1.0
27/09/2026 16:18:38,NQ=F,2,1h,60,walk_forward,active,apex_lock,apex,5e-05,0.0001,10000.0,1250.0,1.0,1174,36.88,0.79,15569.03,-0.13,36.68,0.79,atr_ratio,1.0
27/09/2026 16:29:10,NQ=F,2,1h,60,walk_forward,active,apex_lock,apex,5e-05,0.0001,10000.0,1250.0,1.0,1174,36.88,0.79,15569.03,-0.13,36.68,0.79,atr_ratio,1.0
27/09/2026 16:38:03,NQ=F,2,1h,60,walk_forward,active,apex_lock,apex,5e-05,0.0001,10000.0,1250.0,1.0,1174,36.88,0.79,15569.03,-0.13,36.68,0.79,atr_ratio,1.0
27/09/2026 20:07:10,"PORTFOLIO:[USDJPY=X,GBPUSD=X]",2,4h,60,walk_forward,active,ftmo_swing,ftmo,3e-05,2e-05,50000.0,1250.0,1.0,1185,48.95,2.24,2561.36,0.69,49.66,2.27,atr_ratio,1.0
27/09/2026 20:07:17,NQ=F,2,1h,60,walk_forward,active,apex_lock,apex,5e-05,0.0001,50000.0,1250.0,1.0,99,40.4,1.04,1305.55,0.04,40.91,1.11,atr_ratio,1.0
27/09/2026 20:07:39,EURUSD=X,2,1h,70,walk_forward,active,ftmo_swing,ftmo,3e-05,2e-05,50000.0,1250.0,1.0,1233,51.58,1.6,3390.22,0.36,52.35,1.63,atr_ratio,1.0
27/09/2026 20:07:47,CL=F,2,1h,60,walk_forward,active,apex_commodity_scale,apex,5e-05,0.0001,10000.0,1250.0,1.0,1742,53.44,1.09,3168.49,0.12,53.33,1.1,atr_ratio,1.0
27/09/2026 20:07:57,GC=F,2,1h,60,walk_forward,active,commodity_alpha,custom,5e-05,0.0001,10000.0,0.0,1.0,71,60.56,1.44,402.05,0.21,62.5,1.57,atr_ratio,1.0
27/09/2026 20:28:14,NQ=F,2,1h,60,walk_forward,active,apex_lock,apex,5e-05,0.0001,50000.0,1250.0,1.0,40,50.0,1.46,533.36,0.21,50.0,1.46,atr_ratio,1.0
27/09/2026 20:28:20,CL=F,2,1h,60,walk_forward,active,apex_commodity_scale,apex,5e-05,0.0001,10000.0,1250.0,1.0,1742,53.44,1.09,3168.49,0.12,53.33,1.1,atr_ratio,1.0
27/09/2026 20:37:00,CL=F,2,1h,60,walk_forward,active,apex_commodity_scale,apex,5e-05,0.0001,10000.0,1250.0,1.0,1742,53.44,1.09,3168.49,0.12,53.33,1.1,atr_ratio,1.0
27/09/2026 20:40:45,CL=F,2,1h,60,walk_forward,active,apex_commodity_scale,apex,5e-05,0.0001,10000.0,1250.0,1.0,1742,53.44,1.09,3168.49,0.12,53.33,1.1,atr_ratio,1.0
27/09/2026 20:45:09,CL=F,2,1h,60,walk_forward,active,apex_commodity_scale,apex,5e-05,0.0001,50000.0,2500.0,2.5,1742,53.44,1.1,6381.05,0.12,53.33,1.11,atr_ratio,1.0
27/09/2026 20:57:48,CL=F,2,1h,60,walk_forward,active,apex_commodity_scale,apex,5e-05,0.0001,10000.0,1250.0,1.0,1811,53.06,1.06,3571.31,0.13,53.1,1.06,atr_ratio,1.0
27/09/2026 21:05:58,CL=F,2,1h,60,walk_forward,active,apex_commodity_scale,apex,5e-05,0.0001,10000.0,1250.0,1.0,1862,49.36,1.14,6396.85,0.15,49.68,1.14,atr_ratio,1.0
27/09/2026 21:26:37,CL=F,2,1h,60,walk_forward,active,apex_commodity_scale,custom,0.0025,0.001,10000.0,0.0,1.0,1862,49.36,1.14,5016.37,0.15,49.68,1.13,atr_ratio,1.0
27/09/2026 21:26:50,CL=F,2,1h,65,walk_forward,active,apex_commodity_scale,custom,0.0025,0.001,10000.0,0.0,1.0,1593,50.78,1.2,5584.72,0.17,50.75,1.2,atr_ratio,1.0
27/09/2026 21:26:58,CL=F,2,1h,70,walk_forward,active,apex_commodity_scale,custom,0.0025,0.001,10000.0,0.0,1.0,1541,51.2,1.21,5752.3,0.17,51.16,1.21,atr_ratio,1.0
27/09/2026 21:30:26,CL=F,2,4h,60,walk_forward,active,apex_commodity_scale,custom,0.0025,0.001,10000.0,0.0,1.0,478,58.37,1.28,2131.42,0.22,59.35,1.25,atr_ratio,1.0
27/09/2026 21:32:35,CL=F,2,4h,60,walk_forward,active,apex_commodity_scale,custom,0.0025,0.001,10000.0,0.0,1.0,478,58.37,1.28,2131.42,0.22,59.35,1.25,atr_ratio,1.0
27/09/2026 21:32:50,CL=F,2,4h,65,walk_forward,active,apex_commodity_scale,custom,0.0025,0.001,10000.0,0.0,1.0,415,62.41,1.54,1056.99,0.29,63.21,1.45,atr_ratio,1.0
27/09/2026 21:38:36,CL=F,2,4h,65,walk_forward,active,apex_commodity_scale,apex,5e-05,0.0001,50000.0,1250.0,1.0,415,62.41,1.59,1256.32,0.29,63.21,1.5,atr_ratio,1.0
27/09/2026 22:28:05,CL=F,2,4h,65,walk_forward,active,apex_commodity_scale,apex,5e-05,0.0001,50000.0,1250.0,1.0,435,61.84,1.64,652.22,0.32,61.95,1.54,atr_ratio,1.0
27/09/2026 22:28:49,CL=F,2,4h,60,walk_forward,active,apex_commodity_scale,custom,0.0025,0.001,10000.0,0.0,1.0,492,58.13,1.28,1385.33,0.25,58.59,1.25,atr_ratio,1.0
27/09/2026 22:32:53,CL=F,2,4h,70,walk_forward,active,apex_commodity_scale,apex,5e-05,0.0001,50000.0,1250.0,1.0,405,63.21,1.8,543.33,0.35,63.21,1.68,atr_ratio,1.0
28/09/2026 10:51:38,BTC-USD,5,1d,65,walk_forward,active,private_alpha,standard_crypto,0.0025,0.001,10000.0,0.0,1.0,229,19.21,1.06,4089.79,0.08,20.41,0.96,atr_ratio,1.0
28/09/2026 10:51:44,BTC-USD,5,1d,70,walk_forward,active,private_alpha,standard_crypto,0.0025,0.001,10000.0,0.0,1.0,229,19.21,1.06,4089.79,0.08,20.41,0.96,atr_ratio,1.0
28/09/2026 10:51:50,BTC-USD,5,1d,75,walk_forward,active,private_alpha,standard_crypto,0.0025,0.001,10000.0,0.0,1.0,162,27.78,1.41,2466.56,0.32,27.78,1.13,atr_ratio,1.0
28/09/2026 10:51:57,SOL-USD,5,1d,65,walk_forward,active,private_alpha,standard_crypto,0.0025,0.001,10000.0,0.0,1.0,118,21.19,2.67,1457.45,1.63,23.33,3.02,atr_ratio,1.0
28/09/2026 10:52:04,SOL-USD,5,1d,70,walk_forward,active,private_alpha,standard_crypto,0.0025,0.001,10000.0,0.0,1.0,118,21.19,2.67,1457.45,1.63,23.33,3.02,atr_ratio,1.0
28/09/2026 15:02:06,SOL-USD,5,1d,75,walk_forward,active,private_alpha,standard_crypto,0.0025,0.001,10000.0,0.0,1.0,79,16.46,1.16,1582.57,0.15,20.0,1.39,atr_ratio,1.0
28/09/2026 15:10:16,SOL-USD,5,1d,65,walk_forward,active,private_alpha,custom,0.005,0.002,10000.0,0.0,1.0,118,21.19,2.15,1439.01,1.14,23.33,2.44,atr_ratio,1.0
28/09/2026 15:10:24,SOL-USD,5,1d,70,walk_forward,active,private_alpha,custom,0.005,0.002,10000.0,0.0,1.0,118,21.19,2.15,1439.01,1.14,23.33,2.44,atr_ratio,1.0
28/09/2026 15:10:31,ETH-USD,5,1d,65,walk_forward,active,private_alpha,standard_crypto,0.0025,0.001,10000.0,0.0,1.0,188,18.62,0.77,4593.3,-0.15,17.5,0.96,atr_ratio,1.0
28/09/2026 15:10:43,ETH-USD,5,1d,70,walk_forward,active,private_alpha,standard_crypto,0.0025,0.001,10000.0,0.0,1.0,188,18.62,0.77,4593.3,-0.15,17.5,0.96,atr_ratio,1.0
